{
  "reorder_point": 3.9386999999999994,
  "safety_stock": 6.43412861581538e-16,
  "avg_daily_demand": 1.3128999999999997,
  "lead_time": 3,
  "current_stock": 0.0,
  "days_to_rupture": -4.900699684526911e-16,
  "stock_status": "critical"
}