{
  "reorder_point": 5.234000000000002,
  "safety_stock": 7.429491776683368e-16,
  "avg_daily_demand": 1.3085000000000002,
  "lead_time": 4,
  "current_stock": 0.0,
  "days_to_rupture": -5.677869145344568e-16,
  "stock_status": "critical"
}