{
  "reorder_point": 22.134137790876714,
  "safety_stock": 5.250863691447369,
  "avg_daily_demand": 2.8138790165715575,
  "lead_time": 6,
  "current_stock": 0.0,
  "days_to_rupture": -1.8660587966020816,
  "stock_status": "critical"
}