{
  "reorder_point": 14.599593236448202,
  "safety_stock": 4.487536353230782,
  "avg_daily_demand": 3.37068562773914,
  "lead_time": 3,
  "current_stock": 0.0,
  "days_to_rupture": -1.3313422991157915,
  "stock_status": "critical"
}