{
  "day_of_week": {
    "min": 1.0,
    "max": 7.0,
    "mean": 3.9983680102249157,
    "std": 1.9998384357494658
  },
  "lag_1": {
    "min": 0.005,
    "max": 157725.948,
    "mean": 103.1979234808641,
    "std": 1151.1279174304548
  },
  "lag_28": {
    "min": 0.005,
    "max": 157725.948,
    "mean": 103.1869253274317,
    "std": 1151.131359487639
  },
  "lag_7": {
    "min": 0.005,
    "max": 157725.948,
    "mean": 103.19419131807445,
    "std": 1151.1287238264522
  },
  "lead_time_days": {
    "min": 0.0,
    "max": 154.0,
    "mean": 14.665538142998141,
    "std": 10.124057186581373
  },
  "month": {
    "min": 1.0,
    "max": 12.0,
    "mean": 6.339082130648691,
    "std": 3.387596585859278
  },
  "rolling_mean_7": {
    "min": 0.0049999999836290955,
    "max": 61068.90928571429,
    "mean": 103.19440221491892,
    "std": 719.6204224783983
  },
  "rolling_std_7": {
    "min": 0.0,
    "max": 60365.99052725445,
    "mean": 126.43396034335257,
    "std": 962.1842840433956
  },
  "site_id": {
    "min": -1.0,
    "max": 189.0,
    "mean": 72.49348435714903,
    "std": 54.73743162270466
  },
  "week_of_year": {
    "min": 1.0,
    "max": 53.0,
    "mean": 25.8145979473149,
    "std": 14.787626169459049
  },
  "year": {
    "min": 2019.0,
    "max": 2025.0,
    "mean": 2021.4030614032683,
    "std": 1.6677602120838373
  }
}