{
  "reorder_point": 18.415780748614083,
  "safety_stock": 5.171631892206551,
  "avg_daily_demand": 3.3110372141018827,
  "lead_time": 4,
  "current_stock": 0.0,
  "days_to_rupture": -1.5619371084626585,
  "stock_status": "critical"
}