{
  "reorder_point": 5.243733333333333,
  "safety_stock": 7.429491776683368e-16,
  "avg_daily_demand": 1.310933333333333,
  "lead_time": 4,
  "current_stock": 0.0,
  "days_to_rupture": -5.667329976111195e-16,
  "stock_status": "critical"
}