{
  "reorder_point": 15.029414229108841,
  "safety_stock": 4.399273561307504,
  "avg_daily_demand": 3.543380222600446,
  "lead_time": 3,
  "current_stock": 0.0,
  "days_to_rupture": -1.2415471343571838,
  "stock_status": "critical"
}