{
  "reorder_point": 18.396738026660078,
  "safety_stock": 5.163993320510527,
  "avg_daily_demand": 3.3081861765373874,
  "lead_time": 4,
  "current_stock": 0.0,
  "days_to_rupture": -1.5609742151560455,
  "stock_status": "critical"
}