{
  "FERRO E AÇO": {
    "naive_last": {
      "mape": 107.31753058066195,
      "predictions": [
        122.0,
        122.0,
        122.0,
        122.0,
        122.0,
        122.0,
        122.0,
        122.0,
        122.0,
        122.0,
        122.0,
        122.0,
        122.0,
        122.0,
        122.0,
        122.0,
        122.0,
        122.0,
        122.0,
        122.0,
        122.0
      ]
    },
    "moving_average_7": {
      "mape": 174.35896964952437,
      "predictions": [
        4057.0499999999997,
        4057.0499999999997,
        4057.0499999999997,
        4057.0499999999997,
        4057.0499999999997,
        4057.0499999999997,
        4057.0499999999997,
        4057.0499999999997,
        4057.0499999999997,
        4057.0499999999997,
        4057.0499999999997,
        4057.0499999999997,
        4057.0499999999997,
        4057.0499999999997,
        4057.0499999999997,
        4057.0499999999997,
        4057.0499999999997,
        4057.0499999999997,
        4057.0499999999997,
        4057.0499999999997,
        4057.0499999999997
      ]
    },
    "median": {
      "mape": 108.56504064275111,
      "predictions": [
        133.0,
        133.0,
        133.0,
        133.0,
        133.0,
        133.0,
        133.0,
        133.0,
        133.0,
        133.0,
        133.0,
        133.0,
        133.0,
        133.0,
        133.0,
        133.0,
        133.0,
        133.0,
        133.0,
        133.0,
        133.0
      ]
    },
    "best_model": "naive_last",
    "best_mape": 107.31753058066195,
    "ensemble": {
      "ensemble_mape": 123.63738906638741,
      "weights": {
        "naive_last": 0.38402358681414256,
        "moving_average_7": 0.23636560313437957,
        "median": 0.3796108100514778
      },
      "models_included": [
        "naive_last",
        "moving_average_7",
        "median"
      ],
      "predictions": [
        1056.2861855245064,
        1056.2861855245064,
        1056.2861855245064,
        1056.2861855245064,
        1056.2861855245064,
        1056.2861855245064,
        1056.2861855245064,
        1056.2861855245064,
        1056.2861855245064,
        1056.2861855245064,
        1056.2861855245064,
        1056.2861855245064,
        1056.2861855245064,
        1056.2861855245064,
        1056.2861855245064,
        1056.2861855245064,
        1056.2861855245064,
        1056.2861855245064,
        1056.2861855245064,
        1056.2861855245064,
        1056.2861855245064
      ]
    }
  },
  "MATERIAL ELETRICO": {
    "naive_last": {
      "mape": 136.04491779768097,
      "predictions": [
        268.0,
        268.0,
        268.0,
        268.0,
        268.0,
        268.0,
        268.0,
        268.0,
        268.0,
        268.0,
        268.0,
        268.0,
        268.0,
        268.0,
        268.0,
        268.0,
        268.0,
        268.0,
        268.0
      ]
    },
    "moving_average_7": {
      "mape": 178.67391492785484,
      "predictions": [
        2844.8571428571427,
        2844.8571428571427,
        2844.8571428571427,
        2844.8571428571427,
        2844.8571428571427,
        2844.8571428571427,
        2844.8571428571427,
        2844.8571428571427,
        2844.8571428571427,
        2844.8571428571427,
        2844.8571428571427,
        2844.8571428571427,
        2844.8571428571427,
        2844.8571428571427,
        2844.8571428571427,
        2844.8571428571427,
        2844.8571428571427,
        2844.8571428571427,
        2844.8571428571427
      ]
    },
    "median": {
      "mape": 123.92373162121957,
      "predictions": [
        50.0,
        50.0,
        50.0,
        50.0,
        50.0,
        50.0,
        50.0,
        50.0,
        50.0,
        50.0,
        50.0,
        50.0,
        50.0,
        50.0,
        50.0,
        50.0,
        50.0,
        50.0,
        50.0
      ]
    },
    "best_model": "median",
    "best_mape": 123.92373162121957,
    "ensemble": {
      "ensemble_mape": 142.74307931209907,
      "weights": {
        "naive_last": 0.34974497546437056,
        "moving_average_7": 0.2663009116761616,
        "median": 0.38395411285946796
      },
      "models_included": [
        "naive_last",
        "moving_average_7",
        "median"
      ],
      "predictions": [
        870.517409798722,
        870.517409798722,
        870.517409798722,
        870.517409798722,
        870.517409798722,
        870.517409798722,
        870.517409798722,
        870.517409798722,
        870.517409798722,
        870.517409798722,
        870.517409798722,
        870.517409798722,
        870.517409798722,
        870.517409798722,
        870.517409798722,
        870.517409798722,
        870.517409798722,
        870.517409798722,
        870.517409798722
      ]
    }
  },
  "MATERIAL CIVIL": {
    "naive_last": {
      "mape": 149.26293572672097,
      "predictions": [
        4.0,
        4.0,
        4.0,
        4.0,
        4.0,
        4.0,
        4.0,
        4.0,
        4.0,
        4.0,
        4.0,
        4.0,
        4.0,
        4.0,
        4.0,
        4.0,
        4.0,
        4.0,
        4.0,
        4.0,
        4.0,
        4.0,
        4.0
      ]
    },
    "moving_average_7": {
      "mape": 115.92320894142445,
      "predictions": [
        85.14285714285714,
        85.14285714285714,
        85.14285714285714,
        85.14285714285714,
        85.14285714285714,
        85.14285714285714,
        85.14285714285714,
        85.14285714285714,
        85.14285714285714,
        85.14285714285714,
        85.14285714285714,
        85.14285714285714,
        85.14285714285714,
        85.14285714285714,
        85.14285714285714,
        85.14285714285714,
        85.14285714285714,
        85.14285714285714,
        85.14285714285714,
        85.14285714285714,
        85.14285714285714,
        85.14285714285714,
        85.14285714285714
      ]
    },
    "median": {
      "mape": 132.02407212739328,
      "predictions": [
        17.0,
        17.0,
        17.0,
        17.0,
        17.0,
        17.0,
        17.0,
        17.0,
        17.0,
        17.0,
        17.0,
        17.0,
        17.0,
        17.0,
        17.0,
        17.0,
        17.0,
        17.0,
        17.0,
        17.0,
        17.0,
        17.0,
        17.0
      ]
    },
    "best_model": "moving_average_7",
    "best_mape": 115.92320894142445,
    "ensemble": {
      "ensemble_mape": 131.00228804920846,
      "weights": {
        "naive_last": 0.29255373504171694,
        "moving_average_7": 0.3766927239856477,
        "median": 0.33075354097263543
      },
      "models_included": [
        "naive_last",
        "moving_average_7",
        "median"
      ],
      "predictions": [
        38.86571992176538,
        38.86571992176538,
        38.86571992176538,
        38.86571992176538,
        38.86571992176538,
        38.86571992176538,
        38.86571992176538,
        38.86571992176538,
        38.86571992176538,
        38.86571992176538,
        38.86571992176538,
        38.86571992176538,
        38.86571992176538,
        38.86571992176538,
        38.86571992176538,
        38.86571992176538,
        38.86571992176538,
        38.86571992176538,
        38.86571992176538,
        38.86571992176538,
        38.86571992176538,
        38.86571992176538,
        38.86571992176538
      ]
    }
  },
  "FERRAMENTAS E EQUIPAMENTOS": {
    "naive_last": {
      "mape": 173.33888678863764,
      "predictions": [
        55.0,
        55.0,
        55.0,
        55.0,
        55.0,
        55.0,
        55.0,
        55.0,
        55.0,
        55.0,
        55.0,
        55.0,
        55.0
      ]
    },
    "moving_average_7": {
      "mape": 197.85888244935964,