{
  "report_date": "2025-11-02T22:51:49.219769",
  "report_type": "comprehensive_business_analytics",
  "executive_summary": {
    "total_demand_analyzed": 185785.72,
    "avg_daily_demand": 988.221914893617,
    "demand_volatility": "HIGH",
    "trend_direction": "DECREASING",
    "top_3_families_by_value": [
      [
        "FERRO E AÇO",
        36.566881567668005
      ],
      [
        "MATERIAL ELETRICO",
        34.07909235846015
      ],
      [
        "MATERIAL CIVIL",
        17.494830714607176
      ]
    ]
  },
  "predictive_analytics": {
    "overall": {
      "avg_daily_demand": 988.221914893617,
      "std_daily_demand": 3187.181004785551,
      "coefficient_variation": 322.51672997240235,
      "demand_volatility": "HIGH",
      "total_period_days": 188,
      "total_demand": 185785.72
    },
    "trends": {
      "recent_trend": -22.8,
      "monthly_growth_pct": -56.582935916542475,
      "trend_direction": "DECREASING",
      "forecast_confidence": "LOW"
    },
    "seasonality": {
      "monthly_pattern": {
        "1": 355.94777777777773,
        "2": 1212.5216666666665,
        "3": 832.8033333333333,
        "4": 393.25333333333333,
        "5": 1808.4283333333333,
        "6": 3847.6233333333334,
        "7": 679.5909090909091,
        "8": 690.8805263157894,
        "9": 506.2444444444444,
        "10": 453.77777777777777,
        "11": 510.02666666666664,
        "12": 98.21111111111111
      },
      "weekday_pattern": {
        "0": 1289.0697297297297,
        "1": 777.7253658536586,
        "2": 1278.868947368421,
        "3": 493.032,
        "4": 1183.909375
      },
      "quarterly_pattern": {
        "1": 800.4242592592592,
        "2": 1908.718039215686,
        "3": 630.3411864406779,
        "4": 334.5025
      },
      "peak_month": 6,
      "peak_weekday": 0,
      "peak_quarter": 2
    }
  },
  "family_performance": {
    "FERRO E AÇO": {
      "total_volume": 91322.23999999999,
      "avg_order_size": 189.07296066252587,
      "order_frequency": 483,
      "unique_items": 138,
      "unique_sites": 98,
      "avg_lead_time_days": 14.023305084745763,
      "lead_time_std": 18.060451899417806,
      "lead_time_reliability": "LOW",
      "demand_volatility_pct": 268.047621931505,
      "business_value_score": 36.566881567668005,
      "strategic_priority": "HIGH"
    },
    "MATERIAL ELETRICO": {
      "total_volume": 60718.0,
      "avg_order_size": 73.95615103532278,
      "order_frequency": 821,
      "unique_items": 156,
      "unique_sites": 89,
      "avg_lead_time_days": 13.550920245398773,
      "lead_time_std": 14.71663706151189,
      "lead_time_reliability": "LOW",
      "demand_volatility_pct": 311.65646487386374,
      "business_value_score": 34.07909235846015,
      "strategic_priority": "HIGH"
    },
    "MATERIAL CIVIL": {
      "total_volume": 17870.9,
      "avg_order_size": 42.54976190476191,
      "order_frequency": 420,
      "unique_items": 102,
      "unique_sites": 79,
      "avg_lead_time_days": 14.715328467153284,
      "lead_time_std": 23.34072612778647,
      "lead_time_reliability": "LOW",
      "demand_volatility_pct": 198.23771551017492,
      "business_value_score": 17.494830714607176,
      "strategic_priority": "MEDIUM"
    },
    "FERRAMENTAS E EQUIPAMENTOS": {
      "total_volume": 13349.0,
      "avg_order_size": 40.329305135951664,
      "order_frequency": 331,
      "unique_items": 93,
      "unique_sites": 66,
      "avg_lead_time_days": 8.774691358024691,
      "lead_time_std": 14.948472122256982,
      "lead_time_reliability": "LOW",
      "demand_volatility_pct": 352.0166336672607,
      "business_value_score": 14.328875637820754,
      "strategic_priority": "MEDIUM"
    },
    "EPI": {
      "total_volume": 2525.58,
      "avg_order_size": 5.218140495867768,
      "order_frequency": 484,
      "unique_items": 51,
      "unique_sites": 75,
      "avg_lead_time_days": 6.4149377593361,
      "lead_time_std": 9.303276918947942,
      "lead_time_reliability": "MEDIUM",
      "demand_volatility_pct": 148.86589582567078,
      "business_value_score": 12.80982282703397,
      "strategic_priority": "MEDIUM"
    }
  },
  "business_diagnosis": {
    "stockout_risk_FERRO E AÇO": {
      "family": "FERRO E AÇO",
      "avg_demand": 189.07296066252587,
      "demand_std": 1942.75470329033,
      "avg_lead_time": 14.023305084745763,
      "safety_stock_recommended": 12004.030894134878,
      "reorder_point_recommended": 14655.458704781613,
      "current_lead_time_risk": "HIGH",
      "stockout_risk_pct": 100.0,
      "criticality": "HIGH"
    },
    "stockout_risk_MATERIAL ELETRICO": {
      "family": "MATERIAL ELETRICO",
      "avg_demand": 73.95615103532278,
      "demand_std": 2126.197442046209,
      "avg_lead_time": 13.550920245398773,
      "safety_stock_recommended": 12914.331499155738,
      "reorder_point_recommended": 13916.505403492063,
      "current_lead_time_risk": "MEDIUM",
      "stockout_risk_pct": 100.0,
      "criticality": "HIGH"
    },
    "stockout_risk_MATERIAL CIVIL": {
      "family": "MATERIAL CIVIL",
      "avg_demand": 42.54976190476191,
      "demand_std": 334.2156971802628,
      "avg_lead_time": 14.715328467153284,
      "safety_stock_recommended": 2115.4159188228423,
      "reorder_point_recommended": 2741.5496414505797,
      "current_lead_time_risk": "HIGH",
      "stockout_risk_pct": 100.0,
      "criticality": "HIGH"
    },
    "stockout_risk_FERRAMENTAS E EQUIPAMENTOS": {
      "family": "FERRAMENTAS E EQUIPAMENTOS",
      "avg_demand": 40.329305135951664,
      "demand_std": 489.4864627941941,
      "avg_lead_time": 8.774691358024691,
      "safety_stock_recommended": 2392.4372429945397,
      "reorder_point_recommended": 2746.3144482461157,
      "current_lead_time_risk": "MEDIUM",
      "stockout_risk_pct": 100.0,
      "criticality": "HIGH"
    },
    "stockout_risk_EPI": {
      "family": "EPI",
      "avg_demand": 5.218140495867768,
      "demand_std": 43.21525622751697,
      "avg_lead_time": 6.4149377593361,
      "safety_stock_recommended": 180.59979792294072,
      "reorder_point_recommended": 214.07384442340367,
      "current_lead_time_risk": "LOW",
      "stockout_risk_pct": 100.0,
      "criticality": "HIGH"
    },
    "lead_time_variability_FERRO E AÇO": {
      "family": "FERRO E AÇO",
      "avg_lead_time": 14.023305084745763,
      "std_lead_time": 18.060451899417806,
      "coefficient_variation": 128.78883965138547,
      "variability_level": "HIGH",
      "impact_on_planning": "HIGH"
    },
    "lead_time_variability_MATERIAL ELETRICO": {
      "family": "MATERIAL ELETRICO",
      "avg_lead_time": 13.550920245398773,
      "std_lead_time": 14.71663706151189,
      "coefficient_variation": 108.60249189724908,
      "variability_level": "HIGH",
      "impact_on_planning": "HIGH"
    },
    "lead_time_variability_MATERIAL CIVIL": {
      "family": "MATERIAL CIVIL",
      "avg_lead_time": 14.715328467153284,
      "std_lead_time": 23.34072612778647,
      "coefficient_variation": 158.61505354696163,
      "variability_level": "HIGH",
      "impact_on_planning": "HIGH"
    },
    "lead_time_variability_FERRAMENTAS E EQUIPAMENTOS": {
      "family": "FERRAMENTAS E EQUIPAMENTOS",
      "avg_lead_time": 8.774691358024691,
      "std_lead_time": 14.948472122256982,
      "coefficient_variation": 170.35895067222165,
      "variability_level": "HIGH",
      "impact_on_planning": "HIGH"
    },
    "lead_time_variability_EPI": {
      "family": "EPI",
      "avg_lead_time": 6.4149377593361,
      "std_lead_time": 9.303276918947942,
      "coefficient_variation": 145.02520940921434,
      "variability_level": "HIGH",
      "impact_on_planning": "HIGH"
    },
    "forecast_accuracy_FERRO E AÇO": {
      "family": "FERRO E AÇO",
      "demand_coefficient_variation": 268.047621931505,
      "forecast_difficulty": "HIGH",
      "forecast_confidence": "LOW",
      "recommended_approach": "ML_MODELS"
    },